>OTU256:Dc-X;size=9425;
ACGAGTTTTGAAACGAGTTGTAGCTGGCCTTCCGAGGCATGTGCACGCTCTGCTCATCCACTCTACCCCTGTGCACTTACTGTAGGTTGGCGTGGGCTCCTTAACGGGAGCATTCTGCCGGCCTATGTATACTACAAACACTTTAAAGTATCAGAATGTAAACGCGTCTAACGCATCTATAATA
>OTU306:Dc-PosG;size=7614;
AAGAGAAAGGACGAAAGTCCAACCTCCAACCCTTTGTTTTAAACCACTAGTTGCCTTGCCTTATGTCGGTTGACTGAGGCGTGGGGAAACCTGCGTCGCTTTTCATGCCGGCCTCTAGGGCAATGGACCATTAAACTCGAATATCAGTGTAGTCTGAGAAAAAATTCAATGAATTA
>OTU119:Dc-PosG;size=22743;
CTGAGTGAGGGCTTCGGTCCGACCTCCAACCCTTTGTGAACCAAACTTGTTGCTTCGGGGGCGACCCTGCCGCCACGGCGGCGCGGCGCCCCCGAAGGCCATCAAACACTGCATCATTGCGTCGGAGTTAAAGTAAATCAAATA
>OTU220:Dc-PosG;size=11665;
CCGAGTTTACACTCCCAAACCCCTGTGGACTTATACCTTTTACTGTTGCCTCGGCGGGCACGGCCGCGGACGCCCCCTCGCGGGGGCACCGGGGCCAGGCGCCCGCCGGAGGACCCAAACCCTTCTGTATTTTCTTACGCATGTCTGAGTGGATTTACAAATAAATCA
>OTU270:Dc-PosG;size=9020;
CCGAGTGCGGGTCCCCTCGCGGGGCCCAACCTCCCACCCGTGTCTACCGTCACCTGTTGCTTCGGCGGGCCCGCCTTCGTGCCGCCGGGGGGCCCTCTGCGCCCCCGGGCCCGCGCCCGCCGAGGACTCTAGGAACACTGAATGAAGGATGCCGTCTGAGTCAACGACACAATCGTTA
>OTU191:Dc-PosG;size=13760;
CAGAGTTTTCAACTCCCAACCCTTGCGAACCGTACCCCGTTCTGTTCTCGTTGCTTCTGGCGGGAGGGGAGGGGCGCGTCCTTCGGGGCGCGCCTCTCTCTCCCAGGTCCCTTCGGGGCGCCCGCCAGCGGCCGCGAGCCGCCTGAACCTTTTTTGAACCAGTAACGAACCGTCTGAGCAACAAACAAAAACAGCCA
>OTU164:Dc-PosG;size=16257;
CTGAGTGAGGGAGCAATCCCGACCTCCAACCCTTTGTGAACGCATCATGTTGCTTTGGGGGCGACCCTGCCGCTTCGCGGCATTCCCCCCGAAGGTCATCAAAACACTGCATTCTTACGTCGGAGTATAAAGTTAATTTAATA
>OTU235:Dc-PosG;size=10705;
TTGAATAACTTTGGCGTGGTTGTAGCTGGTCCTCTCGGGGGCATGTGCTCGCCCGTCATCTTTATATCTCCACCTGTGCACCTTTTGTAGACGTTGAAACTGGATAGGAGAGGGACTTGTCCTTCAAGTTGAAGGATTTTTCGGCGCTCTACGTTTTCATATACCCCAAAGAATGTAACAGAATGTATCTTATGGCTTTATGCCTATAAACTATATA
>OTU358:Dc-PosG;size=6299;
CTGAACTAGTAATTCTCTGAAAGGTCGCCGGTACCCGGTCCCCCCTAAACAAGGGGGCCGGGGAAGGTCCTCTCACACCCTTGTGTACCTTACCATGTTGCTTTGGCGGGCCGACCCGGTTTCGACCCGGGCGGCCGGCGCCCCCAGCCCTCACCGGCCAGGACGTCAGGCTAAGCGCCCGCCAGTATACAAAACTCCAGCGATTATTTCGTGCAGTTCTGATAAATTATTCAATTAATTA
>OTU106:Dc-PosG;size=25779;
CAAGAAGCCGAAAGGCTACTTCAAACCATCGCGAACTCGTCCAAGTTGCTTCGGCGGCGCGGCACCCCTTAACGGGGGCGCCGCAGCCCTGCCTCTCCGGAGGTTCGGGGCGCCCGCCGGAGGTACGAAACTCTGTATTATAGTGGCATCTCTGAGTATAAAACAAATAAGTTA
>OTU3674:Dc-PosG;size=78;
CTGAGTGAGGGAGCAATCCCGACCTCCAACCCTTTGTGAACGCATCATGTTGCTTTGGGGGCGACCCTGCCGCCACGGCGGCGCGGCGCCCCCGAAGGCCATCAAACACTGCATCATTGCGTCGGAGTTAAAGTAAATCAAATA
>OTU386:Dc-PosG;size=5646;
CAGAGTTACCAAAACTCCCAAACCCATGTGAACATACCTCGCGTTGCCTCGGCAGGTGGCGTCCTACCCCGTGAGTCCTACCCTGTAGGACCTACCCGGTAGGCGACCCTGCCGACGGCCCCCGAAACTCTGTTTTTATAGCATTGGACTTCTGACAAGATAACTAAATAAGTTA
>OTU271:Dc-PosG;size=8933;
CTGAGTTCTAAAAAACTCCCAACCCTTTGTGAATTATACCCCAGTTGCCTCGGCGTCGAGCGAGTCCCCTGCTGGAGAGCTACCTTGGAGTCACCTACCCTGTAGACGGCTACCCTGGAGCTACCCTGTAGTGGCACTTCCGCGTCGCCGGTGGACTATCTAACTCTTATATGTATAGTGTATCTCTGAATTCTTTAACAAAATAGTTA
>OTU407:Dc-PosG;size=5163;
CACAATAACAAGGCGGGCTGGACACCCCCCGCTGGGCACTGCTTCACGGCGTGCGCGGCGGGGCCGGCCCTGCTGAATTATTCACCCGTGTCTTTTGCGTACTTCTTGTTTCCTGGGTGGGCTCGCCCGCCCTCAGGACCAACCACAAACCTTTTGCAATAGCAATCAGCGTCAGTAACAACGTAATTAATTA
>OTU258:Dc-PosG;size=9390;
AAGAGATAGGGTCTTCACGGCCCGACCTCCAACCCTCTGTTGTTAAAACTACCTTGTTGCTTTGGCGGGACCGTCTCGGTCTCCGAGCGCACTAACCTTCGGGTTGGTGAGTGCCCGCCAGAGTCCAACCAAACTCTTGTATTAAACCAGTCGTCTGAGTATAAAATTTTAATTAAATTA
>OTU264:Dc-PosG;size=9175;
AAGAGTTTACTACAACTCCCAAACCCATGTGAACATACCTTCTGTTGCCTCGGCAGGTCGTGTAGGACCGGTGCAATAAGCCCACAAAGCGGGCTGCCCGGGCCCTCTCACATATAGCCTGCCGGTGGCCTACAAAAACTCTGTCTGAACTTGACTTCTGAAATCATACTTAATAAGTTA
>OTU4210:Dc-PosG;size=57;
CTGAGTGAGGGCTTCGGTCCGACCTCCAACCCTTTGTGAACCAAACTTGTTGCTTCGGGGGCGACCCTGCCGCTTCGCGGCATTCCCCCCGAAGGTCATCAAAACACTGCATTCTTACGTCGGAGTATAAAGTTAATTTAATA
>OTU1153:Dc-PosI;size=871;
AAGAAATTTAATAATTTTGAAAATGGATTTTTTTGTTTTGGCAAGAGCATGAGAGCTTTTACTGGGCAAGAAGACAAGAGATGGAGAGTCCAGCCGGGCCTGCGCTTAAGTGCGCGGTCTTGCTAGGCTTGTAAGTTTCTTTCTTGCTATTCCAAACGGTGAGAGATTTCTGTGCTTTTGTTATAGGACAATTAAAACCGTTTCAATACAACACACTGTGGAGTTTTCATATCTTTGCAACTTTTTCTTTGGGCATTCGAGCAATCGGGGCCCAGAGGTAACAAACACAAACAATTTTATCTATTCATTAAATTTTTGTCAAAAACAAGAATTTTCGTAACTGGAAATTTTAAAATATTAA
>OTU8984:Dc-PosG;size=6;
GAGAGTTGACCCAACTCCCAAAACCCCTGTGAACATACCGTACGTTGCCTCGGCGGGGGGGCGCTCCCCCCCCGCCGGCGGCCCACGAAACTCTGTTTTGCCCTGAATCTCTGAAACGACAAACTAAATCAGTTA
>OTU526:Dc-PosG;size=3483;
TCTATTCATGACATACAGGAGTGCAACAGCCCTCTGGGGCTCCTTAAATGGTGACCCCCCTGTGGACACGCCCTGTACGCTCATTGACATCCCATCTGTGTATATGACTTCTGTTGCTTCCCGCAAGGGGGACGCTTGGGTTTAAAACCCCTAGCGTTAGCCTGCGGGGAGGAAAACATAAACTCTGTTTGTTGTATTGTCAGTCTGAGTGGTTATCACATAAAACAAGTTA
>OTU12510:PosG;size=2;
CTGAGTGAGGGAGCAATCCCGACCTCCAACCCTTTGTGAACGCATCATGTTGCTTTGGGGGCGACCCTGCCGCTTCGCGGCATTCCCCCGAAGGTCATCAAAACACTGCATCATTGCGTCGGAGTTAAAGTAAATCAAATA
>OTU3723:Dc-PosG;size=76;
CTGAGTGAGGGCTTCGGTCCGACCTCCAACCCTTTGTGAACCAAACTTGTTGCTTCGGGGGCGACCCTGCCGCCACGGCGGCGCGGCGCCCCCGAAGGCCATCAAAACACTGCATTCTTACGTCGGAGTATAAAGTTAATTTAATA
>OTU4453:Dc-PosG;size=50;
CCGAGTTTCTTGCCCTAACGGGTAGATCCTCCCACCCTTGTGTATTTATACCATGTTGCTTTGGCGCCTTCAGGCCTCGCGGCCCGGCGCCAAAGGCCCTAAACTCTGTTAATAACTGTCGTCTGAGTACTATATAATAGTTA
>OTU608:Dc-PosG;size=2750;
CTGAGTGAGGGCCCCTCGGGGTCCAACCTCCCACCCGTGTTTAACGTACCTTGTTGCTTCGGCGGGCCCGCCTCACGGCCGCCGGGGGGCATCCGCCCCCGGGCCCGCGCCCGCCGAAGCCACCTGTGAACGCTGTCTGAAGTATGCAGTCTGAGACAATTATTAAATTAATTA
>OTU3183:Dc-PosG;size=105;
CTGAGTGAGGGAGCAATCCCGACCTCCAACCCTTTGTGAACGCATCATGTTGCTTTGGGGGCGACCCTGCCGCTTCGCGGCATTCCCCCCGAAGGCCATCAAACACTGCATCATTGCGTCGGAGTTAAAGTAAATCAAATA
>OTU826:Dc-PosG;size=1645;
GTGAATAATGGGGACTCTTAATTGGGCCCCGCCTTCTCACTTACCATACACCAGTGCAATGTCTTGGGTCGATGAAAGCCGCTCCGGCGGTGACTAGTCTTCCCTCCTTTACATTTCAAAACCAAGTCATCAGAATGTGAAACTATTTAACAAAATA
>OTU733:Dc-PosG;size=2019;
AATAATCAATAATCTTGGCTTGTCCATTATTATCTATTTACTGTGAACTGTATTATTATTTGACGTTTGAGGGATGTTCCAATGTTATAAGGATAGACATTGGAGATGTTAACCGAGTCATAATCAGGTTTAGGCCTGGTATCCTATTATTATTTACCAAATGAATTCAGAATTAATATTGTAACATAGACCTAAAAAATCTATAAAA
>OTU8986:Dc-PosG;size=6;
CTGAGTGAGGGCTTCGGTCCGACCTCCAACCCTCTGTTGTTAAAACTACCTTGTTGCTTTGGCGGGACCGTCTCGGTCTCCGAGCGCACTAACCTTCGGGTTGGTGAGTGCCCGCCAGAGTCCAACCAAACTCTTGTATTAAACCAGTCGTCTGAGTATAAAATTTTAATTAAATTA
>OTU9035:Dc-PosG;size=6;
CTGAGTTCTACAAAAACTCCCAACCCTTTGTGAACCTTACCGTCGTTGCCTCGGCGCTGAGCGGCGGCTACCCGGGAGCTACCCTGTAGATCACCTACCCTGTAGCTACCCTGTAGTTGTACTTTACGCTCCGCCGGTGGACTACCAAACTCTGTTTTTAATGGTGTATCTCTGAAAACAAAAACAAAATAAGTTA
>OTU8401:Dc-PosG;size=8;
CTGAGTTCTAAAAAACTCCCAACCCTTTGTGAACCAAACTTGTTGCTTCGGGGGCGACCCTGCCGCCACGGCGGCGCGGCGCCCCCGAAGGCCATCAAACACTGCATCATTGCGTCGGAGTTAAAGTAAATCAAATA
>OTU560:Dc-PosG;size=3114;
TTGGAACGCGCTCACGCGCATCCAGACAACCCTTTGTGAACTTATACCTATACTGTTGCCTCGGCGTCAGGCTGGCTCCCCTCGGGGGGTCCCTCACCTCGGTGAGGAGCAGGCCCGCCGGCGGCCAAGTTAACTCTTGTTTTTACACTGAAACTCTGAGAAAAAAACAAAAATGAATCA
>OTU10988:PosG;size=3;
CTGAGTTCTAAAAAACTCCCAACCCTTTGTGAACGCATCATGTTGCTTTGGGGGCGACCCTGCCGCTTCGCGGCATTCCCCCCGAAGGTCATCAAAACACTGCATTCTTACGTCGGAGTATAAAGTTAATTTAATA
>OTU9833:Dc-PosI;size=4;
CAGAGTTGCAAAACTCCCAACCATTGTGAACCTACCTCACCGTTGCTTCGGCGGGTGGCCCCACCCGGGCCGCGTCGGCCCCCCGGGGCCGGCAACCCGTCAGAGGACCCACACTCTCAGTTATCATTGGCCTCTCTGAGTAACTTATACAATAAGTCA
>OTU248:20w;size=9701;
CAGAGTACCGAGGTCTCTGACCTCTACTCCCACCCTATGTTGACTTGCAACGTTGCTTTGGCGGGCCGGTGGGTCCCCCACCGCCGGGCTGCGCCTGGAGAGCGCCCGCCAGAGGATCACACAGAAACTCTTGTCAACCACAGACATCTGAGTACCTTAGAATTGAACA
>OTU152:1w;size=17346;
CCGAGTGAGGGCCTCCGGCCCGACCTCCAACCCTTTGTTATCAAAACCACTGTTGCCTCGGGGGCGACCCGGGCCCGTCGGCCCAGGGCCCTCGACGGACAATTTCAAAACACTGCATCTTTGCGTCGGATTACAAAGTTTAATGAATTA
>OTU77:1w;size=34763;
AGAAGCTTCGGCGCTAGCCGGAGCGCACTTACACACTGAGTATAACTTCTAGGATAATACATATACACAATCAGATTATTTA
>OTU28:2w;size=64974;
TAGAGTTTTCTAAACTCCCAACCCATGTGAACTTACCTTTTGTTGCCTCGGCAGAAGTTATAGGTCTTCTTATAGCTGCTGCCGGTGGACCATTAAACTCTTGTTATTTTATGTAATCTGAGCGTCTTATTTTAATAAGTCA
>OTU249:1w;size=9662;
TAGATTTACTTTTATAATAACACTGTGAACCGTGGCTTCGGCCTTTTTTCTAAACTTTGTGTATGAATGTAACACTATAAAAGAAAATA
>OTU18:9w;size=95450;
CCAAAGATGGCGGGCCTCCGTGCCCCCGTCCCCAACCCATTGTTGACCAAAACCCTTTTGCCTCGGGGGCAGAGCGTCCGCCGCCGCCCCCGGAGGACCACCGAACGCTGTCTCTTTGCGTCAGAGTATTGATTAAATAAATGA
>OTU5738:17w;size=26;
CCGAGTGAGGGCCCCCCGGCCCGACCTCCAACCCTTTGTTATCAAAACCACTGTTGCCTCGGGGGCGACCCGGGCCTGTCGGCCCAGGGCCCCCGACGGACAATTTCCAAACTGCATCTTTGCGTCGGATTATAGAAGTTTAATGAATTA
>OTU610:1w;size=2747;
TTGAACTTTGAACACTTTGTACTCTTGTCTGTTGCTGGCTTCTTCGGAAGTATGTGCACGCTTGAGTGCAAGGGTCTTCTTTGTCCACCTGTGCACCTTTTGTAGATCTGGATACCTCTCGCCTTACCCAAGGCGGATTTTGAAGGGTTGCTACTTCGTAGCTCCCTTTGTTTTCCAGGTCTATGTCTTATATCATCTCAAGTATGTTTAGAATGTCTTGTTTATTGGACTCAGTCCTTTAAAAACTTATA
>OTU1075:100w;size=1011;
CCAAAGATGGCGGGCCTCCGTGCCCCCGTCCCCAACCCATTGTTGATCAAAACCCTTTTGCCTCGGGGGCAGAGCGTCCGCCGCCGCCCCCGGAGGACCACCTAACGCTGTCTCTTTGCGTCAGAGTAATTGAATAATGAATGA
>OTU391:2w;size=5545;
CCGAGTGAGGGCCTCTGGCCCGACCTCCAACCCTTTTGTTATTCAAACCATTTGTTGCCTCGGGGGCTCCCTACAGCCTACTGGCGTGGGGCCCCCGGTGGACCATTTATAAACTCTGCATCTTTGCGTCGGGTTCAAAAGTTTAATAATTA
>OTU1524:3w;size=500;
ATGAAATGCAAGGACGTTCTTTTTAGAAGTCCAACCAATTCATCCTTTCACCCTGTGCACTTAACATTTTAACACCCATTTTAAACACGTAAAGTCAATGAATGTCTAAAGTCTCTTAATTGAGCATAAATTTAATA
>OTU257:3w;size=9392;
CCGAGTTAGGGTCTCCTCTGTGAGGCCCGACCTCCCAACCCCGTGTCTAATAAACCTGTTTGTGTTGCTTCGGCGGAACGGCAGTCGTCCTCCCCTTCACCGGGGGGGATAACCGTCGCCGGGGGACTCCCGGTCTCACGACCGCCCCTGGAGAGCGTCCGCCGATGGCCCCAACCAAAACAACTACCAAACCCAAACTATGGAGTTAAAATTTTCTGAATCAGACTTTTGATATACCAATCAAAAACA
>OTU7955:106w;size=10;
CTGAGCGAGGGCCCCCGGCCCGACCTCCAACCCTTTGTTATCAAAACCACTGTTGCCTCAGGGGCGACCCGGGCCCGTCGGCTTGGGGCCCCCGGTGGACAATCCCAAAACACTGCATCTTTGCGTCGGTGTACAAAAGTTTAATGAATTA
>OTU5111:14w;size=35;
CCAGAGATGGCGGGCCACCGTGCCCCCGTCCCCAACCCTTTGTTGACCAAAACCTTTTTTGCCTCGGGGCAGAGCGTCCGCCGCCGCCCCCGGAGGACCATCGAACGCTGTCTATTTGCGTCGGAGTAATTGATTAAATGAATGA
>OTU84:38w;size=31914;
GTTTTAAGCTCGCTAACCCTTTTTTTTAGGTGAACCTGCGGAAGGATCATTAAAGAGTGGGGTTGCTCGATTGAGCGCCCAAACTCCCAACCCTTTGATGACTTGACAAAAATTGTTGCTTCGGCGGGGGGATTTGTTCCCACCAGGGGGGCGACGAGCCCCGCCGAAGATTTATTCAAACTCTTGAACATGTGTCTGAACGTGGAATTGAATAAGCTAA
>OTU1124:36w;size=934;
CCGAGTGAGGGCCCCTGGCCCGACCTCCAACCCTTTGTTATCAAAACCACTGTTGCCTCGGGGGCGACCCGGGCCCGTCGGCCCAGGGCCCCCGACGGACAATTTCAAAACACTGCATCTTTGCGTCGGATTAAAAAATTTAATTGATTTA
>OTU1466:9w;size=538;
CAGAATTCCTGCCCTCTGGGTAGAATTCCCATCCTTTGACTACTATATCATTGTTGCTTTGGCGGGCTTCGCCGCCCGCCAGAGGCCACTTACACTCTGAATGTTTGTAACGTCTAAGTCATATGAAAATTATGA
>OTU1214:9w;size=777;
TCGAGTTTTGAAGTGGGCTGCTTGAGCTGGCACGCAGGTGCTCGGCGGCTCCGCTCTCATCCACTCAAACCCCCCTGTGCACCTTGAACGAGTGTGGGTCGAGGCCGAAAGGCGGTAGGCCCGCCTCGTTTCTTACAAACTCTTGTATTGTCTTGTAGAATGCATTGCCTCTCTGTGGGCGAAATAGTTAATA
>OTU1941:17w;size=308;
TCGAGTTACCACTCTATAACCCTTTGTGAACATACCTACATGTTGCTTCGGCGGTCGGCCCCCCGGGCCCCCGGCCCCGCTCACGCGGGGCGTCCGCCGGAGGATAACCAAACTCTGATTTAACGACGTTTCTTCTGAGTGGCACAAGCAAATAATCA
>OTU428:45w;size=4809;
GTTTTTAAGCTAGCTAACTCTTTTAGGTGAACCTGCGGAAGGATCATTACAGAGTGGGGTTGCTCAATTGAGCGCCCAAACTCCCAACCCTTTGATGACTTGACAAAATTGTTGCTTCGGCGGGGGGATTTGTTCCCACCAGGGGGGCGACGAGCCCCGCCGAAGATTTGCTCAAAACTCTTGAACCTGTGTCTGAGCGTGGAATTGAATAAGCTAA
>OTU2567:130w;size=174;
CTGAGTTAGGGTCTATCCAGGCCCCATCTCCAACCCTTTGTCTACCGAACCTCTTGTTGCTTCGGCGGGCCCGTCCTCAAGGGGACCGCCGGAGGGGTTATCCCCCTCTGGCCCGCGCCCGTCGGTAGCCCTCTCTCAAACTCTGGATCGAATTGTGATATTGCCTGAGTATGATTATCAATAAACCAA
>OTU1516:133w;size=504;
CCAAGTGGTGGCCCCCTCGCGGGGTCTATCCCATCTCTCGTGTCTACATCTCTCCGTTGCCTCGGCGGGTGCGCCTTCCCTCGCGGGATCGCGCGGCGCTCACGCGCGAACCCGCCGACGGCCCACAAACCAAAACCTGTTTGAAAAACATTGTCTGAACGAGTTGGCTTAAATTATTATA
>OTU1866:133w;size=331;
AAGTATTCATTTCTTTCGGGGGTGAGATGGCTCTCTTTAATCTGGGCGTACTTGTTGATGCACTTTCGAGTTGCTCCTCGTGTCCCTTGGGTCAAATCCTCCCGTGAAGGAATTATCTTTATTCACCCCACTTTGTGCACTATAACCAATATGTTGTGGAGACCTGACGGTCAAAGCAATATGTTGTTTTATACAAACTCTTTTATAAATATCTTAGAACGTATACATGGATGTTTATCCATCTAAAACATAAA
>OTU12502:PosG;size=2;
ATTAACTGCGAAATGCGTGTGTCTCTCGTAAGTCTGCAGTGTTTCTTCTGGGGACTCTGCAGCGCTGGTCCTCGCCTCCTTTTAGTTATATCCCATCTGTGAACTTATCCACTGTTGCTTCCGTGAGCCTGCTGTTCACACTCTCTGAGAGTGAACGCCTGAAAAGCCCTAGCCATACTTAGGGGCGCACGGCAATGGTACTACAACTCTGGTTTTATGTCTTCCATGTCTGAGTGGTAAACACATCAAACAAGTTA
>OTU12503:PosG;size=2;
CCGAGTTTACACTCCCAAACCCCTGTGGACTTATACCTTTTACTGTTGCCTCGGCAGGTCGTGTAGGACCGGTGCAATAAGCCCACAAAGCGGGCTGCCCGGGCCCTCTCACATATAGCCTGCCGGTGGCCTACAAAAACTCTGTCTGAACTTGACTTCTGAAATCATACTTAATAAGTTA
